id,subject,announcementcontent,createddate,docname,docsize,doctype
267,test,test,1678559400000,,,
266,dasf,asdf,1651728999155,,,
265,ext,ext,1651637822759,,,
264,"asd bulk ext","asd bulk ext",1650278145399,,,
263,exte,exte,1649247387139,,,
262,"extended till 20 dec","extended till 20 dec",1639460252127,,,
261,"extended till 20 dec","extended till 20 dec",1639460218370,,,
260,"extended till 20 dec","extended till 20 dec",1639460182131,,,
259,"extended till 20 dec","extended till 20 dec",1639460142734,,,
258,"Admin Corrigendum Critical Date Extension","Admin Corrigendum Critical Date Extension",1635326986035,,,
